﻿{
    "Configuration": {
        "AppSettings": {
            "port": 5984,
            "AppName": "TruckEvent",
            "MaxRequestLength": 10300000,
            "TransactionName": ",CloseRO,",
            "DealorCode": "TEALL",
            "FilePath": "'C:\\Projects\\FILEDEP2\\FileLoc\\TruckEvent\\FailedToPublish",
            "VendorsList": "MVDeComm,DecisivSRM",
            "HandlerURL": "http://172.29.214.259/TruckEventAppPool/TruckDMStoOEMHandler/TruckEventingHandler.ashx"
        }
    }
}
