<?xml version="1.0"?>
<Transactions>
  <TransactionInfo>
    <TransantionName>ROClose</TransantionName>
    <Identifier>
      <SearchPath>Query</SearchPath>
      <SearchField>TransName</SearchField>
      <FieldValue>ROClose</FieldValue>
    </Identifier>
    <AppName FieldName="AppName"></AppName>
    <TransName FieldName="TransName"></TransName>
    <TransID FieldName="TransID"></TransID>
    <Logging>
      <MetaDataLocation>c:\FILEDEP2\Fileloc\DecisivSRM\Archive</MetaDataLocation>
      <LogIncomingLocation>C:\FILEDEP2\Fileloc\DecisivSRM\LogIncoming</LogIncomingLocation>
    </Logging>
    <Validation>
      <FieldtoValidateQuery>
        <FieldName>TransID</FieldName>
        <Format>Guid</Format>
        <Location>Query</Location>
        <ExactValue></ExactValue>
        <IsVendersField/>
        <VenderSeperator/>
      </FieldtoValidateQuery>
      <FieldtoValidateQuery>
        <FieldName>AppName</FieldName>
        <Format>string</Format>
        <Location>Query</Location>
        <ExactValue>TRUCKEvent</ExactValue>
        <IsVendersField/>
        <VenderSeperator/>
      </FieldtoValidateQuery>
      <FieldtoValidateQuery>
        <FieldName>TransName</FieldName>
        <Format>string</Format>
        <Location>Query</Location>
        <ExactValue>ROClose</ExactValue>
        <IsVendersField/>
        <VenderSeperator/>
      </FieldtoValidateQuery>
      <FieldtoValidateQuery>
        <FieldName>Business</FieldName>
        <Format>string</Format>
        <Location>Query</Location>
        <ExactValue>TRUCK</ExactValue>
        <IsVendersField/>
        <VenderSeperator/>
      </FieldtoValidateQuery>
      <FieldtoValidateHeader>
        <FieldName>Vendors</FieldName>
        <Format>string</Format>
        <Location>Query</Location>
        <ExactValue>TRUCK</ExactValue>
        <IsVendersField>True</IsVendersField>
        <VenderSeperator>DecsiviSRM,Uptime,Uptime Pro</VenderSeperator>
      </FieldtoValidateHeader>
      <IsNeedToTransform>false</IsNeedToTransform>
      <ResponseXLSTPath></ResponseXLSTPath>
      <TranformXLSTPath></TranformXLSTPath>
    </Validation>
  </TransactionInfo>
  <TransactionInfo>
    <TransantionName>ROCloseTest</TransantionName>
    <AppName FieldName="AppName"></AppName>
    <TransName FieldName="TransName"></TransName>
    <TransID FieldName="TransID"></TransID>
    <ActivationID FieldName="ActivationID"></ActivationID>
    <Identifier>
      <SearchPath>Query</SearchPath>
      <SearchField>AppName</SearchField>
      <FieldValue>ROClose</FieldValue>
    </Identifier>
    <Validation>
      <FieldtoValidateQuery>
        <FieldName>TransID</FieldName>
        <Format>Guid</Format>
        <Location>Query</Location>
        <ExactValue></ExactValue>
        <IsVendersField/>
        <VenderSeperator/>
        <ActivationSeperator/>
      </FieldtoValidateQuery>
      <FieldtoValidateQuery>
        <FieldName>AppName</FieldName>
        <Format>string</Format>
        <Location>Query</Location>
        <ExactValue>TRUCKEvent</ExactValue>
        <IsVendersField/>
        <VenderSeperator/>
        <ActivationSeperator/>
      </FieldtoValidateQuery>
      <FieldtoValidateQuery>
        <FieldName>TransName</FieldName>
        <Format>string</Format>
        <Location>Query</Location>
        <ExactValue>ROClose</ExactValue>
        <IsVendersField/>
        <VenderSeperator/>
        <ActivationSeperator/>
      </FieldtoValidateQuery>
      <FieldtoValidateQuery>
        <FieldName>Business</FieldName>
        <Format>string</Format>
        <Location>Query</Location>
        <ExactValue>TRUCK</ExactValue>
        <IsVendersField/>
        <VenderSeperator/>
        <ActivationSeperator/>
      </FieldtoValidateQuery>
      <FieldtoValidateQuery>
        <FieldName>ActivationID</FieldName>
        <Format>int</Format>
        <Location>Query</Location>
        <ExactValue></ExactValue>
        <IsVendersField/>
        <VenderSeperator/>
        <ActivationSeperator/>
      </FieldtoValidateQuery>
      <FieldtoValidateHeader>
        <FieldName>Vendors</FieldName>
        <Format>string</Format>
        <Location>Query</Location>
        <ExactValue>TRUCK</ExactValue>
        <IsVendersField>True</IsVendersField>
        <VenderSeperator>,</VenderSeperator>
        <ActivationSeperator>:</ActivationSeperator>
      </FieldtoValidateHeader>
      <IsNeedToTransform>false</IsNeedToTransform>
      <ResponseXLSTPath></ResponseXLSTPath>
      <TranformXLSTPath></TranformXLSTPath>
    </Validation>
    <Logging>
      <FileSaveLocation>c:\FILEDEP2\Fileloc\DecisivSRM\Archive</FileSaveLocation>
      <LogIncomingLocation>C:\FILEDEP2\Fileloc\DecisivSRM\LogIncoming</LogIncomingLocation>
    </Logging>
  </TransactionInfo>
 
</Transactions>